source,threshold,hit_rate,false_hit_rate,precision,tp,fp,fn,tn
prompts,0.5,1.0,0.8315789473684211,0.4316546762589928,60,79,0,16
prompts,0.51,1.0,0.8315789473684211,0.4316546762589928,60,79,0,16
prompts,0.52,1.0,0.8315789473684211,0.4316546762589928,60,79,0,16
prompts,0.53,1.0,0.8210526315789474,0.43478260869565216,60,78,0,17
prompts,0.54,1.0,0.8210526315789474,0.43478260869565216,60,78,0,17
prompts,0.55,1.0,0.8105263157894737,0.43795620437956206,60,77,0,18
prompts,0.56,1.0,0.7789473684210526,0.44776119402985076,60,74,0,21
prompts,0.57,1.0,0.7684210526315789,0.45112781954887216,60,73,0,22
prompts,0.58,1.0,0.7578947368421053,0.45454545454545453,60,72,0,23
prompts,0.59,1.0,0.7578947368421053,0.45454545454545453,60,72,0,23
prompts,0.6,1.0,0.7473684210526316,0.4580152671755725,60,71,0,24
prompts,0.61,1.0,0.7263157894736842,0.46511627906976744,60,69,0,26
prompts,0.62,1.0,0.7157894736842105,0.46875,60,68,0,27
prompts,0.63,1.0,0.6842105263157895,0.48,60,65,0,30
prompts,0.64,1.0,0.6736842105263158,0.4838709677419355,60,64,0,31
prompts,0.65,1.0,0.6631578947368421,0.4878048780487805,60,63,0,32
prompts,0.66,1.0,0.631578947368421,0.5,60,60,0,35
prompts,0.67,1.0,0.6105263157894737,0.5084745762711864,60,58,0,37
prompts,0.68,1.0,0.5894736842105263,0.5172413793103449,60,56,0,39
prompts,0.69,1.0,0.5789473684210527,0.5217391304347826,60,55,0,40
prompts,0.7,1.0,0.5789473684210527,0.5217391304347826,60,55,0,40
prompts,0.71,1.0,0.5578947368421052,0.5309734513274337,60,53,0,42
prompts,0.72,1.0,0.5263157894736842,0.5454545454545454,60,50,0,45
prompts,0.73,1.0,0.5263157894736842,0.5454545454545454,60,50,0,45
prompts,0.74,1.0,0.5052631578947369,0.5555555555555556,60,48,0,47
prompts,0.75,1.0,0.5052631578947369,0.5555555555555556,60,48,0,47
prompts,0.76,0.9833333333333333,0.5052631578947369,0.5514018691588785,59,48,1,47
prompts,0.77,0.9833333333333333,0.4842105263157895,0.5619047619047619,59,46,1,49
prompts,0.78,0.9833333333333333,0.4631578947368421,0.5728155339805825,59,44,1,51
prompts,0.79,0.9833333333333333,0.45263157894736844,0.5784313725490197,59,43,1,52
prompts,0.8,0.9833333333333333,0.4421052631578947,0.5841584158415841,59,42,1,53
prompts,0.81,0.9666666666666667,0.4421052631578947,0.58,58,42,2,53
prompts,0.82,0.95,0.43157894736842106,0.5816326530612245,57,41,3,54
prompts,0.83,0.95,0.4,0.6,57,38,3,57
prompts,0.84,0.9166666666666666,0.3473684210526316,0.625,55,33,5,62
prompts,0.85,0.9,0.3157894736842105,0.6428571428571429,54,30,6,65
prompts,0.86,0.9,0.2736842105263158,0.675,54,26,6,69
prompts,0.87,0.8166666666666667,0.25263157894736843,0.6712328767123288,49,24,11,71
prompts,0.88,0.7666666666666667,0.24210526315789474,0.6666666666666666,46,23,14,72
prompts,0.89,0.7333333333333333,0.23157894736842105,0.6666666666666666,44,22,16,73
prompts,0.9,0.6666666666666666,0.21052631578947367,0.6666666666666666,40,20,20,75
prompts,0.91,0.5833333333333334,0.2,0.6481481481481481,35,19,25,76
prompts,0.92,0.5,0.18947368421052632,0.625,30,18,30,77
prompts,0.93,0.43333333333333335,0.14736842105263157,0.65,26,14,34,81
prompts,0.94,0.35,0.11578947368421053,0.65625,21,11,39,84
prompts,0.95,0.23333333333333334,0.09473684210526316,0.6086956521739131,14,9,46,86
prompts,0.96,0.2,0.09473684210526316,0.5714285714285714,12,9,48,86
prompts,0.97,0.08333333333333333,0.08421052631578947,0.38461538461538464,5,8,55,87
prompts,0.98,0.016666666666666666,0.07368421052631578,0.125,1,7,59,88
prompts,0.99,0.016666666666666666,0.06315789473684211,0.14285714285714285,1,6,59,89
prompts,0.992,0.016666666666666666,0.05263157894736842,0.16666666666666666,1,5,59,90
prompts,0.994,0.016666666666666666,0.042105263157894736,0.2,1,4,59,91
prompts,0.996,0.0,0.021052631578947368,0.0,0,2,60,93
prompts,0.998,0.0,0.0,0.0,0,0,60,95
prompts,1.0,0.0,0.0,0.0,0,0,60,95
paws,0.5,1.0,1.0,0.5,1000,1000,0,0
paws,0.51,1.0,1.0,0.5,1000,1000,0,0
paws,0.52,1.0,1.0,0.5,1000,1000,0,0
paws,0.53,1.0,1.0,0.5,1000,1000,0,0
paws,0.54,1.0,1.0,0.5,1000,1000,0,0
paws,0.55,1.0,1.0,0.5,1000,1000,0,0
paws,0.56,1.0,1.0,0.5,1000,1000,0,0
paws,0.57,1.0,0.999,0.5002501250625313,1000,999,0,1
paws,0.58,1.0,0.999,0.5002501250625313,1000,999,0,1
paws,0.59,1.0,0.999,0.5002501250625313,1000,999,0,1
paws,0.6,1.0,0.998,0.5005005005005005,1000,998,0,2
paws,0.61,1.0,0.998,0.5005005005005005,1000,998,0,2
paws,0.62,1.0,0.998,0.5005005005005005,1000,998,0,2
paws,0.63,1.0,0.998,0.5005005005005005,1000,998,0,2
paws,0.64,1.0,0.998,0.5005005005005005,1000,998,0,2
paws,0.65,1.0,0.998,0.5005005005005005,1000,998,0,2
paws,0.66,0.998,0.997,0.5002506265664161,998,997,2,3
paws,0.67,0.998,0.997,0.5002506265664161,998,997,2,3
paws,0.68,0.998,0.996,0.5005015045135406,998,996,2,4
paws,0.69,0.998,0.996,0.5005015045135406,998,996,2,4
paws,0.7,0.998,0.996,0.5005015045135406,998,996,2,4
paws,0.71,0.998,0.996,0.5005015045135406,998,996,2,4
paws,0.72,0.998,0.996,0.5005015045135406,998,996,2,4
paws,0.73,0.997,0.995,0.5005020080321285,997,995,3,5
paws,0.74,0.996,0.993,0.5007541478129713,996,993,4,7
paws,0.75,0.996,0.993,0.5007541478129713,996,993,4,7
paws,0.76,0.995,0.99,0.5012594458438288,995,990,5,10
paws,0.77,0.994,0.989,0.5012607160867373,994,989,6,11
paws,0.78,0.994,0.986,0.502020202020202,994,986,6,14
paws,0.79,0.992,0.984,0.5020242914979757,992,984,8,16
paws,0.8,0.991,0.978,0.5033011681056374,991,978,9,22
paws,0.81,0.989,0.976,0.5033078880407125,989,976,11,24
paws,0.82,0.985,0.97,0.5038363171355499,985,970,15,30
paws,0.83,0.983,0.967,0.5041025641025642,983,967,17,33
paws,0.84,0.982,0.963,0.5048843187660669,982,963,18,37
paws,0.85,0.981,0.959,0.5056701030927835,981,959,19,41
paws,0.86,0.977,0.956,0.5054319710294879,977,956,23,44
paws,0.87,0.975,0.954,0.505443234836703,975,954,25,46
paws,0.88,0.968,0.943,0.5065410779696494,968,943,32,57
paws,0.89,0.962,0.931,0.5081880612783941,962,931,38,69
paws,0.9,0.957,0.914,0.5114911811865313,957,914,43,86
paws,0.91,0.947,0.903,0.5118918918918919,947,903,53,97
paws,0.92,0.933,0.874,0.5163254012174876,933,874,67,126
paws,0.93,0.922,0.839,0.5235661555934128,922,839,78,161
paws,0.94,0.912,0.813,0.528695652173913,912,813,88,187
paws,0.95,0.891,0.775,0.5348139255702281,891,775,109,225
paws,0.96,0.848,0.7,0.5478036175710594,848,700,152,300
paws,0.97,0.772,0.606,0.5602322206095791,772,606,228,394
paws,0.98,0.66,0.457,0.5908683974932856,660,457,340,543
paws,0.99,0.435,0.237,0.6473214285714286,435,237,565,763
paws,0.992,0.36,0.181,0.6654343807763401,360,181,640,819
paws,0.994,0.278,0.122,0.695,278,122,722,878
paws,0.996,0.179,0.057,0.7584745762711864,179,57,821,943
paws,0.998,0.077,0.012,0.8651685393258427,77,12,923,988
paws,1.0,0.001,0.0,1.0,1,0,999,1000
qqp,0.5,0.997,0.647,0.6064476885644768,997,647,3,353
qqp,0.51,0.997,0.633,0.6116564417177914,997,633,3,367
qqp,0.52,0.996,0.619,0.6167182662538699,996,619,4,381
qqp,0.53,0.996,0.605,0.6221111805121798,996,605,4,395
qqp,0.54,0.994,0.589,0.6279216677195198,994,589,6,411
qqp,0.55,0.992,0.58,0.6310432569974554,992,580,8,420
qqp,0.56,0.992,0.564,0.6375321336760925,992,564,8,436
qqp,0.57,0.99,0.54,0.6470588235294118,990,540,10,460
qqp,0.58,0.988,0.524,0.6534391534391535,988,524,12,476
qqp,0.59,0.986,0.509,0.6595317725752509,986,509,14,491
qqp,0.6,0.983,0.494,0.6655382532159784,983,494,17,506
qqp,0.61,0.98,0.484,0.6693989071038251,980,484,20,516
qqp,0.62,0.979,0.47,0.6756383712905452,979,470,21,530
qqp,0.63,0.974,0.448,0.6849507735583685,974,448,26,552
qqp,0.64,0.97,0.428,0.6938483547925608,970,428,30,572
qqp,0.65,0.966,0.417,0.6984815618221258,966,417,34,583
qqp,0.66,0.96,0.397,0.707442888725129,960,397,40,603
qqp,0.67,0.953,0.384,0.712789827973074,953,384,47,616
qqp,0.68,0.946,0.366,0.7210365853658537,946,366,54,634
qqp,0.69,0.934,0.35,0.7274143302180686,934,350,66,650
qqp,0.7,0.928,0.337,0.733596837944664,928,337,72,663
qqp,0.71,0.918,0.319,0.7421180274858529,918,319,82,681
qqp,0.72,0.903,0.305,0.7475165562913907,903,305,97,695
qqp,0.73,0.892,0.294,0.7521079258010118,892,294,108,706
qqp,0.74,0.88,0.282,0.7573149741824441,880,282,120,718
qqp,0.75,0.871,0.271,0.7626970227670753,871,271,129,729
qqp,0.76,0.854,0.256,0.7693693693693694,854,256,146,744
qqp,0.77,0.834,0.238,0.7779850746268657,834,238,166,762
qqp,0.78,0.821,0.224,0.785645933014354,821,224,179,776
qqp,0.79,0.794,0.212,0.7892644135188867,794,212,206,788
qqp,0.8,0.765,0.197,0.7952182952182952,765,197,235,803
qqp,0.81,0.729,0.177,0.804635761589404,729,177,271,823
qqp,0.82,0.689,0.162,0.8096357226792009,689,162,311,838
qqp,0.83,0.66,0.149,0.8158220024721878,660,149,340,851
qqp,0.84,0.63,0.143,0.815006468305304,630,143,370,857
qqp,0.85,0.598,0.129,0.8225584594222833,598,129,402,871
qqp,0.86,0.576,0.105,0.8458149779735683,576,105,424,895
qqp,0.87,0.543,0.088,0.8605388272583201,543,88,457,912
qqp,0.88,0.5,0.074,0.8710801393728222,500,74,500,926
qqp,0.89,0.45,0.059,0.8840864440078585,450,59,550,941
qqp,0.9,0.408,0.052,0.8869565217391304,408,52,592,948
qqp,0.91,0.367,0.042,0.8973105134474327,367,42,633,958
qqp,0.92,0.317,0.027,0.9215116279069767,317,27,683,973
qqp,0.93,0.276,0.019,0.9355932203389831,276,19,724,981
qqp,0.94,0.236,0.015,0.9402390438247012,236,15,764,985
qqp,0.95,0.191,0.009,0.955,191,9,809,991
qqp,0.96,0.135,0.007,0.9507042253521126,135,7,865,993
qqp,0.97,0.102,0.002,0.9807692307692307,102,2,898,998
qqp,0.98,0.069,0.001,0.9857142857142858,69,1,931,999
qqp,0.99,0.029,0.001,0.9666666666666667,29,1,971,999
qqp,0.992,0.025,0.001,0.9615384615384616,25,1,975,999
qqp,0.994,0.017,0.001,0.9444444444444444,17,1,983,999
qqp,0.996,0.01,0.001,0.9090909090909091,10,1,990,999
qqp,0.998,0.004,0.001,0.8,4,1,996,999
qqp,1.0,0.001,0.0,1.0,1,0,999,1000
all,0.5,0.9985436893203884,0.8238663484486873,0.5437483478720592,2057,1726,3,369
all,0.51,0.9985436893203884,0.8171837708830549,0.5457681082515256,2057,1712,3,383
all,0.52,0.9980582524271845,0.8105011933174224,0.5476824720298349,2056,1698,4,397
all,0.53,0.9980582524271845,0.8033412887828162,0.549879646964429,2056,1683,4,412
all,0.54,0.9970873786407767,0.7957040572792363,0.5520021499596882,2054,1667,6,428
all,0.55,0.996116504854369,0.7909307875894988,0.5532488541385818,2052,1657,8,438
all,0.56,0.996116504854369,0.7818615751789976,0.5560975609756098,2052,1638,8,457
all,0.57,0.9951456310679612,0.7694510739856802,0.559803386127799,2050,1612,10,483
all,0.58,0.9941747572815534,0.7613365155131265,0.5621740323908866,2048,1595,12,500
all,0.59,0.9932038834951457,0.7541766109785203,0.5642581356867071,2046,1580,14,515
all,0.6,0.9917475728155339,0.7460620525059666,0.5665557404326124,2043,1563,17,532
all,0.61,0.9902912621359223,0.7403341288782816,0.5680868838763575,2040,1551,20,544
all,0.62,0.9898058252427184,0.7331742243436754,0.5703496503496504,2039,1536,21,559
all,0.63,0.987378640776699,0.7212410501193317,0.5737658674188999,2034,1511,26,584
all,0.64,0.9854368932038835,0.711217183770883,0.5767045454545454,2030,1490,30,605
all,0.65,0.983495145631068,0.7054892601431981,0.5781963470319634,2026,1478,34,617
all,0.66,0.9796116504854369,0.6940334128878282,0.581221198156682,2018,1454,42,641
all,0.67,0.9762135922330097,0.6868735083532219,0.5828985507246377,2011,1439,49,656
all,0.68,0.9728155339805825,0.6768496420047733,0.5856224430157803,2004,1418,56,677
all,0.69,0.9669902912621359,0.6687350835322196,0.5870910698496905,1992,1401,68,694
all,0.7,0.9640776699029127,0.6625298329355609,0.5886188500296384,1986,1388,74,707
all,0.71,0.9592233009708738,0.6529832935560859,0.5909090909090909,1976,1368,84,727
all,0.72,0.9519417475728156,0.6448687350835323,0.5920893719806763,1961,1351,99,744
all,0.73,0.9461165048543689,0.6391408114558472,0.5927615571776156,1949,1339,111,756
all,0.74,0.9398058252427185,0.6315035799522674,0.5940472537588217,1936,1323,124,772
all,0.75,0.9354368932038835,0.626252983293556,0.5949367088607594,1927,1312,133,783
all,0.76,0.9262135922330097,0.6176610978520286,0.5958775765146783,1908,1294,152,801
all,0.77,0.9160194174757281,0.60763723150358,0.5971518987341772,1887,1273,173,822
all,0.78,0.9097087378640777,0.5985680190930788,0.5991048593350383,1874,1254,186,841
all,0.79,0.8956310679611651,0.5914081145584725,0.5982490272373541,1845,1239,215,856
all,0.8,0.8810679611650486,0.5809069212410501,0.5986147757255936,1815,1217,245,878
all,0.81,0.8621359223300971,0.5704057279236276,0.5977785257489061,1776,1195,284,900
all,0.82,0.8402912621359223,0.5599045346062053,0.5960743801652892,1731,1173,329,922
all,0.83,0.8252427184466019,0.5508353221957041,0.5956552207428171,1700,1154,360,941
all,0.84,0.8092233009708738,0.5436754176610978,0.5940841054882395,1667,1139,393,956
all,0.85,0.7927184466019418,0.5336515513126492,0.5936023264267539,1633,1118,427,977
all,0.86,0.7800970873786408,0.518854415274463,0.5965107646622123,1607,1087,453,1008
all,0.87,0.7606796116504855,0.5088305489260143,0.5951386251424231,1567,1066,493,1029
all,0.88,0.7349514563106796,0.4964200477326969,0.5927956147220047,1514,1040,546,1055
all,0.89,0.7067961165048544,0.483054892601432,0.5899513776337115,1456,1012,604,1083
all,0.9,0.6820388349514563,0.47064439140811454,0.587620242576328,1405,986,655,1109
all,0.91,0.6548543689320389,0.46014319809069215,0.5832252485948984,1349,964,711,1131
all,0.92,0.6213592233009708,0.43866348448687353,0.5820827648931333,1280,919,780,1176
all,0.93,0.5941747572815534,0.4162291169451074,0.583969465648855,1224,872,836,1223
all,0.94,0.5674757281553398,0.40047732696897376,0.5821713147410359,1169,839,891,1256
all,0.95,0.5320388349514563,0.3785202863961814,0.5802011646373743,1096,793,964,1302
all,0.96,0.4830097087378641,0.3417661097852029,0.581531268264173,995,716,1065,1379
all,0.97,0.4266990291262136,0.29403341288782814,0.5879598662207358,879,616,1181,1479
all,0.98,0.35436893203883496,0.22195704057279236,0.6108786610878661,730,465,1330,1630
all,0.99,0.22572815533980584,0.11646778042959427,0.6558533145275035,465,244,1595,1851
all,0.992,0.18737864077669902,0.0892601431980907,0.6736474694589878,386,187,1674,1908
all,0.994,0.1436893203883495,0.06062052505966587,0.6997635933806147,296,127,1764,1968
all,0.996,0.09174757281553399,0.028639618138424822,0.7590361445783133,189,60,1871,2035
all,0.998,0.03932038834951456,0.006205250596658711,0.8617021276595744,81,13,1979,2082
all,1.0,0.000970873786407767,0.0,1.0,2,0,2058,2095
